Fecha Noticia,Link,Titulo,Resumen,Personas Mencionadas,Tema
"Wed, 11 Feb 2026 12:05:02 GMT",https://news.google.com/rss/articles/CBMinwJBVV95cUxPSGdxbmQyU0k5N2NLNDJfUXQxTG9FOFVkU1pOTHhHSEFHcUFlaWllN1JOa1pub0JhdUgtSkx0ZjNuU0V0YWlBY2s1SlJxOVJua09ENzIzTXg1VXNPaHhhTnpzYk53b2NxYi1NMnBrVWN0eG1kcW5CV19wUzZ4X1FFeWNfUEM0Y1g5M1FMR1ZhOFVvVVZ4NEt2SThvVFhvcW9LOWtPM1pIZ3BDT1NwcVpZc2dNeDZQazcyY01kQzRRdkhJU0FWTWY0UFBOZWttbUExUk9lYjljazRpbGNxeGl1RC1BV3pqMlNaM2N5cW5pdzE5a2ljWk1kbDhjN284Ujc3U2hwOUYtbnh5SC0waDIxWkM1Vy1BQ2t6Y1kyQUN2UdIBpAJBVV95cUxON3IwTkRRUjBkMHZEaFdxZm1aM3BQZ1JpSEp0UW9FcmJPaE1aeWxXTjZ4TlZ5RXZWRmdjMFM1S1UwTXRPUUlFNzZrcGNmam45b1ZfVlg0X0ZkWXVMX3BPOHZHSUtDTmRCbUtNelRnSlZfYWIzY1poUHBmdFlBSjJGU3U0aXV4YnoxbVpBX0ZmU0hfUDVtQzc0SmJqY0IwWkkwTFNld1RHNFFHeFgtUWgzVGp2VzZidjJTdjNBcUNYZW1ESXVVcFZadEZ4R3REbTNqeFpZRFZIMEJtT1pGZmdwUXlwTmd5Y041WHhQeTBadVQwVzdBOER3VGVjakRDN2dkUmtTYnJ6VUVUaXVoUTNQQksxak1kSXFaem90SVBmbVVrY3Ey?oc=5,Modelo colombiana se declara culpable y reconoció haber lavado más de 31 millones de dólares del narcotráfico en Estados Unidos - ELTIEMPO.COM,"<a href=""https://news.google.com/rss/articles/CBMinwJBVV95cUxPSGdxbmQyU0k5N2NLNDJfUXQxTG9FOFVkU1pOTHhHSEFHcUFlaWllN1JOa1pub0JhdUgtSkx0ZjNuU0V0YWlBY2s1SlJxOVJua09ENzIzTXg1VXNPaHhhTnpzYk53b2NxYi1NMnBrVWN0eG1kcW5CV19wUzZ4X1FFeWNfUEM0Y1g5M1FMR1ZhOFVvVVZ4NEt2SThvVFhvcW9LOWtPM1pIZ3BDT1NwcVpZc2dNeDZQazcyY01kQzRRdkhJU0FWTWY0UFBOZWttbUExUk9lYjljazRpbGNxeGl1RC1BV3pqMlNaM2N5cW5pdzE5a2ljWk1kbDhjN284Ujc3U2hwOUYtbnh5SC0waDIxWkM1Vy1BQ2t6Y1kyQUN2UdIBpAJBVV95cUxON3IwTkRRUjBkMHZEaFdxZm1aM3BQZ1JpSEp0UW9FcmJPaE1aeWxXTjZ4TlZ5RXZWRmdjMFM1S1UwTXRPUUlFNzZrcGNmam45b1ZfVlg0X0ZkWXVMX3BPOHZHSUtDTmRCbUtNelRnSlZfYWIzY1poUHBmdFlBSjJGU3U0aXV4YnoxbVpBX0ZmU0hfUDVtQzc0SmJqY0IwWkkwTFNld1RHNFFHeFgtUWgzVGp2VzZidjJTdjNBcUNYZW1ESXVVcFZadEZ4R3REbTNqeFpZRFZIMEJtT1pGZmdwUXlwTmd5Y041WHhQeTBadVQwVzdBOER3VGVjakRDN2dkUmtTYnJ6VUVUaXVoUTNQQksxak1kSXFaem90SVBmbVVrY3Ey?oc=5"" target=""_blank"">Modelo colombiana se declara culpable y reconoció haber lavado más de 31 millones de dólares del narcotráfico en Estados Unidos</a>&nbsp;&nbsp;<font color=""#6f6f6f"">ELTIEMPO.COM</font>",,Lavado de activos
"Wed, 11 Feb 2026 04:27:00 GMT",https://news.google.com/rss/articles/CBMizgFBVV95cUxNWThCZDRVT0V0dXhXRi1OWng4YjlITDZ4Rk81UG13M2hqSW9iWWE1Z0NZVGNEZVJOcDBIQ3VBYk9jbVhNRy02UFNNdjZjUlA4SWNiOHdMbXdfQlZXTDZib1J1UDFFdW9CVGtZMkxsMzhPczVvMkFTek4zd1JSRjFOMFBfV0NtNTVDMnFfN193b0tWYVpIMnlpZWQ3eFY5SVVXWWhQSlNVMF9lTHNJWHlUSWozQ21XSjFYcndydk9VLVlfeVRDMFM0ZC02R2gyUdIB6AFBVV95cUxNaTdUV0xhbG5waXVFa2ZLVkdXTTZNeG9tTEQ1ajMtSkVDUE9iUWpCOXlfNFZST19QWk9sZHRjNGstZjJHMUlxTGV0Y1JZS2VVeXFqM3drSEl3dUZILXBPT016dy1UeDFjMkxBdExvamVMYy1BMUdEa205LWpzRHV3azlpc2tsRGZ0UlNkemx6Y2I3SmFXNGczaHBzVk5VcXhhXzN0Y044OFdGTHNQOEVxZXNEdW9xWm15VC1wTXdiYlBoVEs1WmE2TnJqSzZZUU5JUjhmWC0xa2JxM29qbG8yOEhuUFRLaGhU?oc=5,Modelo colombiana reconoció haber lavado más de 30 millones de dólares en Estados Unidos - Infobae,"<a href=""https://news.google.com/rss/articles/CBMizgFBVV95cUxNWThCZDRVT0V0dXhXRi1OWng4YjlITDZ4Rk81UG13M2hqSW9iWWE1Z0NZVGNEZVJOcDBIQ3VBYk9jbVhNRy02UFNNdjZjUlA4SWNiOHdMbXdfQlZXTDZib1J1UDFFdW9CVGtZMkxsMzhPczVvMkFTek4zd1JSRjFOMFBfV0NtNTVDMnFfN193b0tWYVpIMnlpZWQ3eFY5SVVXWWhQSlNVMF9lTHNJWHlUSWozQ21XSjFYcndydk9VLVlfeVRDMFM0ZC02R2gyUdIB6AFBVV95cUxNaTdUV0xhbG5waXVFa2ZLVkdXTTZNeG9tTEQ1ajMtSkVDUE9iUWpCOXlfNFZST19QWk9sZHRjNGstZjJHMUlxTGV0Y1JZS2VVeXFqM3drSEl3dUZILXBPT016dy1UeDFjMkxBdExvamVMYy1BMUdEa205LWpzRHV3azlpc2tsRGZ0UlNkemx6Y2I3SmFXNGczaHBzVk5VcXhhXzN0Y044OFdGTHNQOEVxZXNEdW9xWm15VC1wTXdiYlBoVEs1WmE2TnJqSzZZUU5JUjhmWC0xa2JxM29qbG8yOEhuUFRLaGhU?oc=5"" target=""_blank"">Modelo colombiana reconoció haber lavado más de 30 millones de dólares en Estados Unidos</a>&nbsp;&nbsp;<font color=""#6f6f6f"">Infobae</font>",,Lavado de activos
"Thu, 12 Feb 2026 12:52:42 GMT",https://news.google.com/rss/articles/CBMiowFBVV95cUxNQm8yV3dLWkxOcGViTFgyaHZWNmJrc0pscmFIbUVVRlY4YUJmcGZCZUFobGxGLTdjSUd2WklsSk9MYzJsVU5FNjRMZkhFUjYwNnhCRnRDOW1jRWYySFFFdW9meFFXYloyOXBtbGt5Z3VuNUlPOVZGbjFiMmJfRlYtYUNTbmVSYkQtRkxBSjl1Mkw2LTBfeDVGM3d2UEFvYlVXc0000gGoAUFVX3lxTE0zUWdqNUYydEFMd3VjVUlSY25GTkZMcG5EVDV0aGkwYl9qYjJZQ2hWLTlDbVlfT25VQ1dPQjE3UHkxODE1bk5IcGgtTWY0aVZ5ZWlwQVlHVDB0NUlhMzZlTEJSMUZSZUo2QUpBa1VGWXQ2UkltVDRQYzhkSDBHYVBiWmNfTzRDN2F1dGo3STZtejdkY2dsWnVmd0lFY1ZaWl8xQWtpeWZFNw?oc=5,Imágenes: La lujosa vida de la modelo colombiana acusada de lavar millones en EE. UU. | El Colombiano - El Colombiano,"<a href=""https://news.google.com/rss/articles/CBMiowFBVV95cUxNQm8yV3dLWkxOcGViTFgyaHZWNmJrc0pscmFIbUVVRlY4YUJmcGZCZUFobGxGLTdjSUd2WklsSk9MYzJsVU5FNjRMZkhFUjYwNnhCRnRDOW1jRWYySFFFdW9meFFXYloyOXBtbGt5Z3VuNUlPOVZGbjFiMmJfRlYtYUNTbmVSYkQtRkxBSjl1Mkw2LTBfeDVGM3d2UEFvYlVXc0000gGoAUFVX3lxTE0zUWdqNUYydEFMd3VjVUlSY25GTkZMcG5EVDV0aGkwYl9qYjJZQ2hWLTlDbVlfT25VQ1dPQjE3UHkxODE1bk5IcGgtTWY0aVZ5ZWlwQVlHVDB0NUlhMzZlTEJSMUZSZUo2QUpBa1VGWXQ2UkltVDRQYzhkSDBHYVBiWmNfTzRDN2F1dGo3STZtejdkY2dsWnVmd0lFY1ZaWl8xQWtpeWZFNw?oc=5"" target=""_blank"">Imágenes: La lujosa vida de la modelo colombiana acusada de lavar millones en EE. UU. | El Colombiano</a>&nbsp;&nbsp;<font color=""#6f6f6f"">El Colombiano</font>",,Lavado de activos
"Fri, 13 Feb 2026 17:29:06 GMT",https://news.google.com/rss/articles/CBMizgFBVV95cUxNU09TQjh2SUp0bHJxclBlSkhyU1gyQm5tZ2syQjlNbU50ODFSWW1uQWJ5MXVRVVVFbWF2Uzd4c2NLcEIzczdRSkoySk43Zmc2ejdUU1NWNFdEaVNXcFZFazhTZy1SS1o3TXJjencxTUV0eXViZVVqNmx0cTdvcVlDVlRqUHJFUElLSWVmd1ZYUUtSakxMdjVyTGxRcUFYeURrZVQ5cHhjc0ZETk1ZMlRiMkRZbXBkZ1E5YTlpNWZtcEl1OTJVYlhUNXN5WHJaUdIBzgFBVV95cUxQb0J0b3dnc202SzlMUW40MW9MMWRBdEltVk1vMVEtTjlndkswbG5YNHprWGR3UHNTWTBpZzZxUVlyNVFueldwRmIyNUJ2U3M3cVZRalphYVIxd3JnVFc2NjMwbzI2dEkzUjFHWW9QM2FkZ0w5REEtTklWeGtmMllkeF9wcFJIVEl2NFBMRkVZbUJJc1BqRVNSdGpKcGNSbXZfUFF6YnNDLVA0clFlT0dxa0Z5SnRuRFdYTFJiUnRQMnpwTTdvS0dDNmJhby1Kdw?oc=5,Colombia formaliza alianza con bloque europeo para combatir redes de narcotráfico y lavado de activos - La FM,"<a href=""https://news.google.com/rss/articles/CBMizgFBVV95cUxNU09TQjh2SUp0bHJxclBlSkhyU1gyQm5tZ2syQjlNbU50ODFSWW1uQWJ5MXVRVVVFbWF2Uzd4c2NLcEIzczdRSkoySk43Zmc2ejdUU1NWNFdEaVNXcFZFazhTZy1SS1o3TXJjencxTUV0eXViZVVqNmx0cTdvcVlDVlRqUHJFUElLSWVmd1ZYUUtSakxMdjVyTGxRcUFYeURrZVQ5cHhjc0ZETk1ZMlRiMkRZbXBkZ1E5YTlpNWZtcEl1OTJVYlhUNXN5WHJaUdIBzgFBVV95cUxQb0J0b3dnc202SzlMUW40MW9MMWRBdEltVk1vMVEtTjlndkswbG5YNHprWGR3UHNTWTBpZzZxUVlyNVFueldwRmIyNUJ2U3M3cVZRalphYVIxd3JnVFc2NjMwbzI2dEkzUjFHWW9QM2FkZ0w5REEtTklWeGtmMllkeF9wcFJIVEl2NFBMRkVZbUJJc1BqRVNSdGpKcGNSbXZfUFF6YnNDLVA0clFlT0dxa0Z5SnRuRFdYTFJiUnRQMnpwTTdvS0dDNmJhby1Kdw?oc=5"" target=""_blank"">Colombia formaliza alianza con bloque europeo para combatir redes de narcotráfico y lavado de activos</a>&nbsp;&nbsp;<font color=""#6f6f6f"">La FM</font>",,Lavado de activos
"Fri, 13 Feb 2026 01:12:47 GMT",https://news.google.com/rss/articles/CBMi6wFBVV95cUxNMTZjeEhDcHpEZDRvM2VEY2o5dW1jN3hDclllbzlrMjZ0aVBza08zN2p5eW52TEZpUFZtYkpNVE9kckl0dUpRTGVSc0xlU2pFZlJsc3ZDaFZCX3NKUlhFSkxSNUh0c0UxZUxyNVlQRFdQX01NMDlBRk9Ld0F4RzNEZGNIUmVFR0lLYTNkYjdkZWN3d3oxRmdDNjhnT1lHWmRqRWlybXdiU0lRQ1k0VVUyZXJaLURjVjVHajNZMGMtSmRtU3hVRC1pX0JxZC1nNkNfRnBrUDQ2bVRfSi00bW9xUTREWmVHdzBCX2pz0gGGAkFVX3lxTE9EUDNmazAzaEhaWFJTLS1tTWhHV1NIcl82dHZhLS1LUVdVY1c2YlFxZml2aXY4VF9RdXJWUTd1SmFTaHhvaUszMm1zekdGLTZLa19iS0FQQnh4aW5uRGJ2YnRMVzl2em4taUhnRHdWQ2VsOVI5cUU5bHBubHE3ZFBRU1RteVBMMGVMSkdaMDQ1aTMxT25SMWJleGNfZy1XOC05SkZLSWRxRm10bkNIREN5WWhJTURrblFuVDdoa0NDNi1DcUx6WDgzWkNDRzI0VUtveHJFM1VoTEpYTktSY3IzZWh4TEJYVG9CVlAxV3FQWHFMWENaM3huU3o0ZUU1UzJwUDZjOGc?oc=5,"Así vivía Valentina Forero Álvarez, la modelo colombiana que aceptó cargos por lavar millones del narcotráfico - ELHERALDO.CO","<a href=""https://news.google.com/rss/articles/CBMi6wFBVV95cUxNMTZjeEhDcHpEZDRvM2VEY2o5dW1jN3hDclllbzlrMjZ0aVBza08zN2p5eW52TEZpUFZtYkpNVE9kckl0dUpRTGVSc0xlU2pFZlJsc3ZDaFZCX3NKUlhFSkxSNUh0c0UxZUxyNVlQRFdQX01NMDlBRk9Ld0F4RzNEZGNIUmVFR0lLYTNkYjdkZWN3d3oxRmdDNjhnT1lHWmRqRWlybXdiU0lRQ1k0VVUyZXJaLURjVjVHajNZMGMtSmRtU3hVRC1pX0JxZC1nNkNfRnBrUDQ2bVRfSi00bW9xUTREWmVHdzBCX2pz0gGGAkFVX3lxTE9EUDNmazAzaEhaWFJTLS1tTWhHV1NIcl82dHZhLS1LUVdVY1c2YlFxZml2aXY4VF9RdXJWUTd1SmFTaHhvaUszMm1zekdGLTZLa19iS0FQQnh4aW5uRGJ2YnRMVzl2em4taUhnRHdWQ2VsOVI5cUU5bHBubHE3ZFBRU1RteVBMMGVMSkdaMDQ1aTMxT25SMWJleGNfZy1XOC05SkZLSWRxRm10bkNIREN5WWhJTURrblFuVDdoa0NDNi1DcUx6WDgzWkNDRzI0VUtveHJFM1VoTEpYTktSY3IzZWh4TEJYVG9CVlAxV3FQWHFMWENaM3huU3o0ZUU1UzJwUDZjOGc?oc=5"" target=""_blank"">Así vivía Valentina Forero Álvarez, la modelo colombiana que aceptó cargos por lavar millones del narcotráfico</a>&nbsp;&nbsp;<font color=""#6f6f6f"">ELHERALDO.CO</font>",,Lavado de activos
"Fri, 13 Feb 2026 02:37:00 GMT",https://news.google.com/rss/articles/CBMiigJBVV95cUxNNkxwT1hKV2RQRW5ydk9SMi1uX0hGUnNLTjh1YzVnNG5DY3JxSExBSGd2OWIyY1JxMG5Ic3FiY0VZZnFWQlNOaHp6TXhhbVh0bDhVMjZZNUNFLUNsNkRhOGlzdXdmQXpKS2ZiYUlvR1lrVUFxLUtNd2E0cVZ5WUFNLU1sbmpKUXVtWTg4RjMwZFdOa2Q3NTR4LUNCUjdJQkpYNkp1dHV3dHZEZ0VPZ2k5RzFzdVJVNnVWVDNoSTAyOEdNSVR3S3RVcHB5cm5uUmhEamdRZlIzN29WdENzUVVXdGRfUGt1MUk2RzBjQ0JkU2xYa1plVk1DLVF4UHRNN29fMUxBV2gwdGFsd9IBpAJBVV95cUxOR1lZdnNXRDFXU3hhcWlTc0M5MXJnYkNmQnZOVkZuTm1ZaTV0VkNFMHBCeU01eEMyMjUxay0xdXRtLTMzMkxHOURxdjRYX0g2S0dUeU51YlVDZGFUaGx2NFZONGttajhLYjdtN21sRXNRM2prRjVCY0xybEFpNmR1RnhYalhfWFIzNmRPLXp6ZEp5a2x0T056bDZ3MUdDTWVKMVQzQ05yMXV0R0tkTjNlNHhvY0pWcXFoOTFjSG5hQkFCUU9PS2JrQW9scVNkZTdtN2NUTUlHTmxlY3lZX0U5QXVqMmJEa29TN0l1dE9KMzNzTlF5Zjl6TVVmbUo3eWhrMS02enZVMVFxN05US1I1NFI1NExPWXBhcHIzYW1seGlNMzcx?oc=5,Ministerio de Cultura rechaza comentarios racistas en programa deportivo y anuncia acciones legales: “Constituyen un acto de discriminación” - Infobae,"<a href=""https://news.google.com/rss/articles/CBMiigJBVV95cUxNNkxwT1hKV2RQRW5ydk9SMi1uX0hGUnNLTjh1YzVnNG5DY3JxSExBSGd2OWIyY1JxMG5Ic3FiY0VZZnFWQlNOaHp6TXhhbVh0bDhVMjZZNUNFLUNsNkRhOGlzdXdmQXpKS2ZiYUlvR1lrVUFxLUtNd2E0cVZ5WUFNLU1sbmpKUXVtWTg4RjMwZFdOa2Q3NTR4LUNCUjdJQkpYNkp1dHV3dHZEZ0VPZ2k5RzFzdVJVNnVWVDNoSTAyOEdNSVR3S3RVcHB5cm5uUmhEamdRZlIzN29WdENzUVVXdGRfUGt1MUk2RzBjQ0JkU2xYa1plVk1DLVF4UHRNN29fMUxBV2gwdGFsd9IBpAJBVV95cUxOR1lZdnNXRDFXU3hhcWlTc0M5MXJnYkNmQnZOVkZuTm1ZaTV0VkNFMHBCeU01eEMyMjUxay0xdXRtLTMzMkxHOURxdjRYX0g2S0dUeU51YlVDZGFUaGx2NFZONGttajhLYjdtN21sRXNRM2prRjVCY0xybEFpNmR1RnhYalhfWFIzNmRPLXp6ZEp5a2x0T056bDZ3MUdDTWVKMVQzQ05yMXV0R0tkTjNlNHhvY0pWcXFoOTFjSG5hQkFCUU9PS2JrQW9scVNkZTdtN2NUTUlHTmxlY3lZX0U5QXVqMmJEa29TN0l1dE9KMzNzTlF5Zjl6TVVmbUo3eWhrMS02enZVMVFxN05US1I1NFI1NExPWXBhcHIzYW1seGlNMzcx?oc=5"" target=""_blank"">Ministerio de Cultura rechaza comentarios racistas en programa deportivo y anuncia acciones legales: “Constituyen un acto de discriminación”</a>&nbsp;&nbsp;<font color=""#6f6f6f"">Infobae</font>",,Artículo 323 Código Penal
"Sun, 15 Feb 2026 15:48:52 GMT",https://news.google.com/rss/articles/CBMilgFBVV95cUxPZ2NmUDJ3dWx2WFB5ZEZZYTBOX09fd2xORlVRT0w1dnJfV3ZQdUZRNjI3QXMtMzRGZlZLRnlNWkRhTVA1RVdERDVxcWxWbkl0a1BZYm9lX0FEcDNrMXBzSllfdUxmNDJlV3JRZHEzelB1YlpYOXVvUi1KRF9zd0VYSG4wUUVjaVdpMDVYRmZSaTZkS2VxOHc?oc=5,"EL RACISMO EN LOS MEDIOS, columna de Johnny Padilla - diariocorreo.pe","<a href=""https://news.google.com/rss/articles/CBMilgFBVV95cUxPZ2NmUDJ3dWx2WFB5ZEZZYTBOX09fd2xORlVRT0w1dnJfV3ZQdUZRNjI3QXMtMzRGZlZLRnlNWkRhTVA1RVdERDVxcWxWbkl0a1BZYm9lX0FEcDNrMXBzSllfdUxmNDJlV3JRZHEzelB1YlpYOXVvUi1KRF9zd0VYSG4wUUVjaVdpMDVYRmZSaTZkS2VxOHc?oc=5"" target=""_blank"">EL RACISMO EN LOS MEDIOS, columna de Johnny Padilla</a>&nbsp;&nbsp;<font color=""#6f6f6f"">diariocorreo.pe</font>",,Artículo 323 Código Penal
"Mon, 16 Feb 2026 23:13:36 GMT",https://news.google.com/rss/articles/CBMi0AFBVV95cUxQODFGUkdfRkVveEhINXNpM2FOSXItWGppVklYWFNTbjRLU3hxZXl6N0hVRXIzeExmV0x1T2RzTC1PRHI3d3Z2RlJwYkQtZWZYQVpYUjhCUzNIaGZpNGZMd296UVJNUmp5UF9IYm0yc3Y4TlE3UG9WczRuUTk0T191blQtd0RHWHZHcTNpRF9LWG9CbmJIdEZhN3FUaUpXVkZQWnlESzhjcllpaXBETFZ3YktzRDdBdFg0aWVQZW1vd1FyWFRySDUzVjFCd2Z0WmVX0gHQAUFVX3lxTFA4MUZSR19GRW94SEg1c2kzYU5Jci1YamlWSVhYU1NuNEtTeHFleXo3SFVFcjN4TGZXTHVPZHNMLU9Ecjd3dnZGUnBiRC1lZlhBWlhSOEJTM0hoZmk0Zkx3b3pRUk1SanlQX0hibTJzdjhOUTdQb1ZzNG5ROTRPX3VuVC13REdYdkdxM2lEX0tYb0JuYkh0RmE3cVRpSldWRlBaeURLOGNyWWlpcERMVndiS3NEN0F0WDRpZVBlbW93UXJYVHJINTNWMUJ3ZnRaZVc?oc=5,La medida que tomó la Justicia de Perú con el periodista que discriminó a Eryc Castillo - Olé,"<a href=""https://news.google.com/rss/articles/CBMi0AFBVV95cUxQODFGUkdfRkVveEhINXNpM2FOSXItWGppVklYWFNTbjRLU3hxZXl6N0hVRXIzeExmV0x1T2RzTC1PRHI3d3Z2RlJwYkQtZWZYQVpYUjhCUzNIaGZpNGZMd296UVJNUmp5UF9IYm0yc3Y4TlE3UG9WczRuUTk0T191blQtd0RHWHZHcTNpRF9LWG9CbmJIdEZhN3FUaUpXVkZQWnlESzhjcllpaXBETFZ3YktzRDdBdFg0aWVQZW1vd1FyWFRySDUzVjFCd2Z0WmVX0gHQAUFVX3lxTFA4MUZSR19GRW94SEg1c2kzYU5Jci1YamlWSVhYU1NuNEtTeHFleXo3SFVFcjN4TGZXTHVPZHNMLU9Ecjd3dnZGUnBiRC1lZlhBWlhSOEJTM0hoZmk0Zkx3b3pRUk1SanlQX0hibTJzdjhOUTdQb1ZzNG5ROTRPX3VuVC13REdYdkdxM2lEX0tYb0JuYkh0RmE3cVRpSldWRlBaeURLOGNyWWlpcERMVndiS3NEN0F0WDRpZVBlbW93UXJYVHJINTNWMUJ3ZnRaZVc?oc=5"" target=""_blank"">La medida que tomó la Justicia de Perú con el periodista que discriminó a Eryc Castillo</a>&nbsp;&nbsp;<font color=""#6f6f6f"">Olé</font>",,Artículo 323 Código Penal
"Fri, 13 Feb 2026 08:00:00 GMT",https://news.google.com/rss/articles/CBMiZEFVX3lxTE9mNVU5OWxXQmphRWN1WnYxTU11cUVyUHN2eS12RWlLLWt0anZxQmpiVVNYczVpazBJcGV4RkFQYTVvOE9rblFQaUQxOTFVYy1tOUptU3dQSVQ5M0U0Z1F6NnZXb00?oc=5,Código Penal peruano [actualizado 2026] - LP | Pasión por el Derecho,"<a href=""https://news.google.com/rss/articles/CBMiZEFVX3lxTE9mNVU5OWxXQmphRWN1WnYxTU11cUVyUHN2eS12RWlLLWt0anZxQmpiVVNYczVpazBJcGV4RkFQYTVvOE9rblFQaUQxOTFVYy1tOUptU3dQSVQ5M0U0Z1F6NnZXb00?oc=5"" target=""_blank"">Código Penal peruano [actualizado 2026]</a>&nbsp;&nbsp;<font color=""#6f6f6f"">LP | Pasión por el Derecho</font>",,Artículo 323 Código Penal
"Sun, 15 Feb 2026 19:53:57 GMT",https://news.google.com/rss/articles/CBMipAFBVV95cUxOQkZLT3BsblEyT0pkOE10NmFSeUFOWF92cVQ0Y05ENmR4X3hOSm44SlJybm95aFphLXFEZGY5Q0poc0UzWjFtUTJKLWoxWlNFQlVZQnh3MVBsV0ZkS3V3VUh6VThTaEpxTk4zbG0yelN2dll1bXlqcjlmR0Jxc25MUUpHZmxSa2RvTUVLREZMNDVURGUwQVBRZnVLa3I4MnZuWkdyTA?oc=5,Fernando Gaibor explota ante el racismo y respalda a Eryc Castillo en Alianza Lima - - Bendito Fútbol,"<a href=""https://news.google.com/rss/articles/CBMipAFBVV95cUxOQkZLT3BsblEyT0pkOE10NmFSeUFOWF92cVQ0Y05ENmR4X3hOSm44SlJybm95aFphLXFEZGY5Q0poc0UzWjFtUTJKLWoxWlNFQlVZQnh3MVBsV0ZkS3V3VUh6VThTaEpxTk4zbG0yelN2dll1bXlqcjlmR0Jxc25MUUpHZmxSa2RvTUVLREZMNDVURGUwQVBRZnVLa3I4MnZuWkdyTA?oc=5"" target=""_blank"">Fernando Gaibor explota ante el racismo y respalda a Eryc Castillo en Alianza Lima -</a>&nbsp;&nbsp;<font color=""#6f6f6f"">Bendito Fútbol</font>",,Artículo 323 Código Penal
"Thu, 12 Feb 2026 21:40:00 GMT",https://news.google.com/rss/articles/CBMiyAFBVV95cUxQM0wyaUhnRGw4SzBtWlBHWDZaZlJSbkp4UjhWMEtkVUh0dVJhNjBjaU1fZHBvcVVZT2U5NmpWNy0tcVpmdXdOSWlBbjFhazZDNlMtLV9WSnBudWRRb1VTeFoxcEJPME1jdFNHc1hCbGhWNnhtVnQzNUh6OFhqZkJDNkZwX2xJV0hmZk5zNUFrRl8zYWhCNHdHZU41VF91WHpSR1dQejVoaWtSQXByd2U4c3hlUW9UeVNIREZreVhTZWpwRjZqZjB4eQ?oc=5,"Nuevo criterio sobre rebaja de pena frente a terrorismo, financiación del terrorismo y extorsión - Ámbito Jurídico","<a href=""https://news.google.com/rss/articles/CBMiyAFBVV95cUxQM0wyaUhnRGw4SzBtWlBHWDZaZlJSbkp4UjhWMEtkVUh0dVJhNjBjaU1fZHBvcVVZT2U5NmpWNy0tcVpmdXdOSWlBbjFhazZDNlMtLV9WSnBudWRRb1VTeFoxcEJPME1jdFNHc1hCbGhWNnhtVnQzNUh6OFhqZkJDNkZwX2xJV0hmZk5zNUFrRl8zYWhCNHdHZU41VF91WHpSR1dQejVoaWtSQXByd2U4c3hlUW9UeVNIREZreVhTZWpwRjZqZjB4eQ?oc=5"" target=""_blank"">Nuevo criterio sobre rebaja de pena frente a terrorismo, financiación del terrorismo y extorsión</a>&nbsp;&nbsp;<font color=""#6f6f6f"">Ámbito Jurídico</font>",,Financiación del terrorismo
"Sun, 15 Feb 2026 11:04:26 GMT",https://news.google.com/rss/articles/CBMizAFBVV95cUxONTJ4aUVtYXZzSnBUMVZqbVZxWHQ0eXRPaWh3TmRVaHE4VXRIb2tWZ0ZTQzVNb25UMmVyd3RzYmE4WmZWdGNrZlhRZ3JmQnd3YzBWUVJVZFg2RWFiajRBbFU4VmF1dFR3U1RwVEdrS3lvUU1yQnZ4UjZxbk41UUFVUG5wX1M5bDVQdFNMWXJNYmdxNXppeEpNa29IXy1odHcxUEZJaVM5YzhCMGlhMlhrNFVwNEhvUlRzaGxuU3BDbnd1Q044RXNrOHhoTkTSAeABQVVfeXFMTzlLNUJwcVhHYWVocTJyU3k3NmZGVlE0a2RoaGFhM1E2N3Qtdkg5QlU0ak4wSzFmc0FMd3h4LVhUVkNqNE1EZlBxbkpuYWhhSTFYaVB3NV8zSjE5UnRscUx1ZEEwdkJHWlRMUXlrUUJPQjRHRTN5dldIMmtCSWNFSGRjZmZTcnRnVGtyVHAydFNNdU54U0pFQkZka1o5V3ZFczR2eExmZkhjSUdQRnRkRFN6djZNVDctTWlfVGFhQnNrRFlZZ0hpbGl2eDQxNWpuUERlb2g0Ujh5WHg4M0M5dXI?oc=5,"Las estafas ya son una epidemia que crecen en tamaño, escala y alcance, dice GAFI - bloomberglinea.com","<a href=""https://news.google.com/rss/articles/CBMizAFBVV95cUxONTJ4aUVtYXZzSnBUMVZqbVZxWHQ0eXRPaWh3TmRVaHE4VXRIb2tWZ0ZTQzVNb25UMmVyd3RzYmE4WmZWdGNrZlhRZ3JmQnd3YzBWUVJVZFg2RWFiajRBbFU4VmF1dFR3U1RwVEdrS3lvUU1yQnZ4UjZxbk41UUFVUG5wX1M5bDVQdFNMWXJNYmdxNXppeEpNa29IXy1odHcxUEZJaVM5YzhCMGlhMlhrNFVwNEhvUlRzaGxuU3BDbnd1Q044RXNrOHhoTkTSAeABQVVfeXFMTzlLNUJwcVhHYWVocTJyU3k3NmZGVlE0a2RoaGFhM1E2N3Qtdkg5QlU0ak4wSzFmc0FMd3h4LVhUVkNqNE1EZlBxbkpuYWhhSTFYaVB3NV8zSjE5UnRscUx1ZEEwdkJHWlRMUXlrUUJPQjRHRTN5dldIMmtCSWNFSGRjZmZTcnRnVGtyVHAydFNNdU54U0pFQkZka1o5V3ZFczR2eExmZkhjSUdQRnRkRFN6djZNVDctTWlfVGFhQnNrRFlZZ0hpbGl2eDQxNWpuUERlb2g0Ujh5WHg4M0M5dXI?oc=5"" target=""_blank"">Las estafas ya son una epidemia que crecen en tamaño, escala y alcance, dice GAFI</a>&nbsp;&nbsp;<font color=""#6f6f6f"">bloomberglinea.com</font>",,Financiación del terrorismo
"Tue, 17 Feb 2026 09:39:43 GMT",https://news.google.com/rss/articles/CBMivwFBVV95cUxPS0xZSTJGdTNUZF9CcXpIeVdQZFRtQ2E2VThza1dJaFB6ek5xNVJXR1RPOGhjdXVDMmt3R1VRWE4ydU5xQ0FmZEhKLU9vZUIyNmliMUpWb1piOEc3ZllDcVppVnlLZzJFcHhxZkZvNmQ5Rk5fenZXVTZWR3ZTQ0hNSVR0ZjMxOV8wcEJOMXRnRUZIRTIzRkpWMENBY3dLRFRUbWlJSEJyckNzcUZhQUFHT1R6V3JoSzJkeVZFSU1od9IBvwFBVV95cUxPS0xZSTJGdTNUZF9CcXpIeVdQZFRtQ2E2VThza1dJaFB6ek5xNVJXR1RPOGhjdXVDMmt3R1VRWE4ydU5xQ0FmZEhKLU9vZUIyNmliMUpWb1piOEc3ZllDcVppVnlLZzJFcHhxZkZvNmQ5Rk5fenZXVTZWR3ZTQ0hNSVR0ZjMxOV8wcEJOMXRnRUZIRTIzRkpWMENBY3dLRFRUbWlJSEJyckNzcUZhQUFHT1R6V3JoSzJkeVZFSU1odw?oc=5,"Polémico nombramiento directivo en la UIAF, poderosa entidad del Gobierno - Caracol Radio","<a href=""https://news.google.com/rss/articles/CBMivwFBVV95cUxPS0xZSTJGdTNUZF9CcXpIeVdQZFRtQ2E2VThza1dJaFB6ek5xNVJXR1RPOGhjdXVDMmt3R1VRWE4ydU5xQ0FmZEhKLU9vZUIyNmliMUpWb1piOEc3ZllDcVppVnlLZzJFcHhxZkZvNmQ5Rk5fenZXVTZWR3ZTQ0hNSVR0ZjMxOV8wcEJOMXRnRUZIRTIzRkpWMENBY3dLRFRUbWlJSEJyckNzcUZhQUFHT1R6V3JoSzJkeVZFSU1od9IBvwFBVV95cUxPS0xZSTJGdTNUZF9CcXpIeVdQZFRtQ2E2VThza1dJaFB6ek5xNVJXR1RPOGhjdXVDMmt3R1VRWE4ydU5xQ0FmZEhKLU9vZUIyNmliMUpWb1piOEc3ZllDcVppVnlLZzJFcHhxZkZvNmQ5Rk5fenZXVTZWR3ZTQ0hNSVR0ZjMxOV8wcEJOMXRnRUZIRTIzRkpWMENBY3dLRFRUbWlJSEJyckNzcUZhQUFHT1R6V3JoSzJkeVZFSU1odw?oc=5"" target=""_blank"">Polémico nombramiento directivo en la UIAF, poderosa entidad del Gobierno</a>&nbsp;&nbsp;<font color=""#6f6f6f"">Caracol Radio</font>",,Financiación del terrorismo
"Mon, 16 Feb 2026 10:58:00 GMT",https://news.google.com/rss/articles/CBMihgJBVV95cUxOaHRzRXMyeVZGSlcwQWNJSERVNWNnbzBNTUZQcjg4X1pacUJ1eFZmTGh4LUVZNHUwY0lGRnlpeE8yU3pfMlhRY0hCY2Z4YVNJRDJMME1QMUZqeXhLQUxzSmdGSjFoZWxUTTZIS3Fab2FicFgtdjZDeUJDdVZOU2tMQTd3ZXo5YzdaTXBXbURGZkp0X3RScmY1dlpxWTc3QlZQYzJ4aDRqTVI1bjN0Z1BVSkJGMUxlbWVLWnpib3VKOWE1RnlyMmNjZ3RhdF9ReWp5NmhscmhvTU1tc1ZBMVZ6ZnkyTlNMY0pYWFV3UnRHRTN1YlNrZFJKcm1tVTUyRXA1ZlJhNGt30gGgAkFVX3lxTE1mVVkwOFBVeV9qZTRfMm9IYWtlQUtrYzBicUxzMUJOLV9lNXNkb0E0bk03cUY3SENVMFQ5TjhrS1dVZUtLTHBvU0RsaWJCUVRZck5JODBtRjJrTi1obENRdGp3TktGODUtVzNpYnZsYmw5WExzRGVEN2M4SzZSZG54bFJrdTlRVFhQUGtqR1I5M3ZZRWZzSVBJaGhjNTJCRnY4clFNRHpKVUFHNkNIX3RzVnRYamlQejFSVDFPeW9VMTNLalVsTURXQ1M2Z3Z6YW1aMjR2T2YwaHMxV0daT3lDQUpQdGtEU1lOZ0c5RmRXWmVXV3ZpdlBvX0M0aGtQenVGR1J0eHlmTU9xQW40MU5TWU4tdFIyYk1sU2xJRzJnWg?oc=5,La embajada de EEUU en Uruguay apoya el proyecto para crear un registro de entidades terroristas: “Profundizaría lazos” - Infobae,"<a href=""https://news.google.com/rss/articles/CBMihgJBVV95cUxOaHRzRXMyeVZGSlcwQWNJSERVNWNnbzBNTUZQcjg4X1pacUJ1eFZmTGh4LUVZNHUwY0lGRnlpeE8yU3pfMlhRY0hCY2Z4YVNJRDJMME1QMUZqeXhLQUxzSmdGSjFoZWxUTTZIS3Fab2FicFgtdjZDeUJDdVZOU2tMQTd3ZXo5YzdaTXBXbURGZkp0X3RScmY1dlpxWTc3QlZQYzJ4aDRqTVI1bjN0Z1BVSkJGMUxlbWVLWnpib3VKOWE1RnlyMmNjZ3RhdF9ReWp5NmhscmhvTU1tc1ZBMVZ6ZnkyTlNMY0pYWFV3UnRHRTN1YlNrZFJKcm1tVTUyRXA1ZlJhNGt30gGgAkFVX3lxTE1mVVkwOFBVeV9qZTRfMm9IYWtlQUtrYzBicUxzMUJOLV9lNXNkb0E0bk03cUY3SENVMFQ5TjhrS1dVZUtLTHBvU0RsaWJCUVRZck5JODBtRjJrTi1obENRdGp3TktGODUtVzNpYnZsYmw5WExzRGVEN2M4SzZSZG54bFJrdTlRVFhQUGtqR1I5M3ZZRWZzSVBJaGhjNTJCRnY4clFNRHpKVUFHNkNIX3RzVnRYamlQejFSVDFPeW9VMTNLalVsTURXQ1M2Z3Z6YW1aMjR2T2YwaHMxV0daT3lDQUpQdGtEU1lOZ0c5RmRXWmVXV3ZpdlBvX0M0aGtQenVGR1J0eHlmTU9xQW40MU5TWU4tdFIyYk1sU2xJRzJnWg?oc=5"" target=""_blank"">La embajada de EEUU en Uruguay apoya el proyecto para crear un registro de entidades terroristas: “Profundizaría lazos”</a>&nbsp;&nbsp;<font color=""#6f6f6f"">Infobae</font>",,Financiación del terrorismo
"Fri, 13 Feb 2026 10:35:06 GMT",https://news.google.com/rss/articles/CBMi8AFBVV95cUxNOU5QM0R5MllLb3F1T0xxc19RelIyM3puaWZNT0RVV0FpUW90eWRyNnBHeDBJYkFlZXVTQXBJVy1nUExoeUxOeWJIS3lobWZZaWdSSXNJOS1USjFLLXo0TkVQRHBCd1oxem14WDZQZU1CM0g2VlRnN2VUeXJ5SXlKQVN0b0ZWckktZDZXQVZocVRkQ1hlSFYzRWQ1TTUwRENvdzJzaHZXX0FoV1lFOUw0RFVHdGRDNGdmX3UzazRLaVdHTjZxbUw2b3VkTG1ZTm1neDRqZmd3YURLZmpCRWkzWjU5bmVrX2xybnl1U1hFSE0?oc=5,"Este es el plan estratégico de 2026-2028 de ALMA, la nueva autoridad europea contra el blanqueo de capitales - Funds Society","<a href=""https://news.google.com/rss/articles/CBMi8AFBVV95cUxNOU5QM0R5MllLb3F1T0xxc19RelIyM3puaWZNT0RVV0FpUW90eWRyNnBHeDBJYkFlZXVTQXBJVy1nUExoeUxOeWJIS3lobWZZaWdSSXNJOS1USjFLLXo0TkVQRHBCd1oxem14WDZQZU1CM0g2VlRnN2VUeXJ5SXlKQVN0b0ZWckktZDZXQVZocVRkQ1hlSFYzRWQ1TTUwRENvdzJzaHZXX0FoV1lFOUw0RFVHdGRDNGdmX3UzazRLaVdHTjZxbUw2b3VkTG1ZTm1neDRqZmd3YURLZmpCRWkzWjU5bmVrX2xybnl1U1hFSE0?oc=5"" target=""_blank"">Este es el plan estratégico de 2026-2028 de ALMA, la nueva autoridad europea contra el blanqueo de capitales</a>&nbsp;&nbsp;<font color=""#6f6f6f"">Funds Society</font>",,Financiación del terrorismo
"Sat, 14 Feb 2026 08:45:41 GMT",https://news.google.com/rss/articles/CBMiyAFBVV95cUxPV0hvS0N0cmtMQUV2eE9XY0FJdlJkLVl6cXpXUnRZeXVqempxUFhMQWJfamRYbm9IdHBKM3hOWGdoSXNOWkI5LXMteHp0VzRJa0dPbVJaczFQTlI5eXRhaTJXc2JLeE12NjRzTWd4YWpvOVVqcm4wYVZxbzhRS1dzaml0RVdFbXQ5dFNZTkgxbEFPRHlXUzlqbDVuM3A0VUZTOS1ZRFBtR0t2azM4NWVNelFNeVZEbzRzS1BrTUhnbmRQRWc3YlZVUtIB3AFBVV95cUxPcjdaQXBYS3J5VlF0VGdTeDJsTWNfWkdpekFBQ05Sc1FUNHRpdEpkUURCdmQtd0RudEpvTkRIbkVkZ2ZkTV9jc2k2cFlaWkNLZG9MOEVGbzhXdlV0UTYxZlZiYkFfUy1HUU0zcGZrZUxLM0xwN3V0cFZ2cV9CaVpqQjc3R2c0SHIwdzFpNHF6NUFzMG94X19Oc0l4WTdldHZ3UU5YcmM4THY1aHpIclViMmJHOS0tWFhNMG43by1DVVFBSS0wYlZzc0VOZVFwOVhGZFBrWHpDUHR6blJ3?oc=5,Logran extinción de dominio de bienes inmuebles del Bloque Norte de las extintas AUC en Bogotá - Caracol Radio,"<a href=""https://news.google.com/rss/articles/CBMiyAFBVV95cUxPV0hvS0N0cmtMQUV2eE9XY0FJdlJkLVl6cXpXUnRZeXVqempxUFhMQWJfamRYbm9IdHBKM3hOWGdoSXNOWkI5LXMteHp0VzRJa0dPbVJaczFQTlI5eXRhaTJXc2JLeE12NjRzTWd4YWpvOVVqcm4wYVZxbzhRS1dzaml0RVdFbXQ5dFNZTkgxbEFPRHlXUzlqbDVuM3A0VUZTOS1ZRFBtR0t2azM4NWVNelFNeVZEbzRzS1BrTUhnbmRQRWc3YlZVUtIB3AFBVV95cUxPcjdaQXBYS3J5VlF0VGdTeDJsTWNfWkdpekFBQ05Sc1FUNHRpdEpkUURCdmQtd0RudEpvTkRIbkVkZ2ZkTV9jc2k2cFlaWkNLZG9MOEVGbzhXdlV0UTYxZlZiYkFfUy1HUU0zcGZrZUxLM0xwN3V0cFZ2cV9CaVpqQjc3R2c0SHIwdzFpNHF6NUFzMG94X19Oc0l4WTdldHZ3UU5YcmM4THY1aHpIclViMmJHOS0tWFhNMG43by1DVVFBSS0wYlZzc0VOZVFwOVhGZFBrWHpDUHR6blJ3?oc=5"" target=""_blank"">Logran extinción de dominio de bienes inmuebles del Bloque Norte de las extintas AUC en Bogotá</a>&nbsp;&nbsp;<font color=""#6f6f6f"">Caracol Radio</font>",,Extinción de dominio
"Sat, 14 Feb 2026 16:17:00 GMT",https://news.google.com/rss/articles/CBMiugFBVV95cUxOT3ZWTmowX0M2TnNkY2NuengwQmNua2NVY3BsaE1pN1haT2N6U3Q2ZFJSZ19JU0tUVDlQWC1JSDh1SGNZdElndU9WNTlScWNvYWNoVGlkU2h3MW82aW5CTjZJY2VkZXhHbjJqYmNSb0x1T1d3RGlmMHpwajBiWlhPWUF4M1JjREdtczNFajh2VVRPNDcyUDBDVWZyUFRHcGNGc1ZEV2FwcWV6eUhVNXFhSlpKa3VoTmlKR1HSAc4BQVVfeXFMTmdQZXYybFFaeVFvYkR1UUFJSkNyTXhGZlpkc2ZzZDNqUVFPMzNjVlNfOGJaaDJtbUl6UGJaOXJQZzB4S2REZi1qODBJaExUeVlSSnhYdlJ5YWJvTW53Q0RQY3hjUGZ6Y1dEaEl6Yk9WMUoxUEwxQVJhcDNmUGdRWENqU0JqR3JnbHRoQ0tRQWNqZXRtMlNlX3dTbmdxTGZsbmw1dkZjbmJodDdZSENfQ0dXQWQ4MC10Y1hUZFNnT2J2T2pObGxNdEFwWDhzR3c?oc=5,Extinción de dominio en Bogotá a bienes que estarían asociados al paramilitarismo - El Espectador,"<a href=""https://news.google.com/rss/articles/CBMiugFBVV95cUxOT3ZWTmowX0M2TnNkY2NuengwQmNua2NVY3BsaE1pN1haT2N6U3Q2ZFJSZ19JU0tUVDlQWC1JSDh1SGNZdElndU9WNTlScWNvYWNoVGlkU2h3MW82aW5CTjZJY2VkZXhHbjJqYmNSb0x1T1d3RGlmMHpwajBiWlhPWUF4M1JjREdtczNFajh2VVRPNDcyUDBDVWZyUFRHcGNGc1ZEV2FwcWV6eUhVNXFhSlpKa3VoTmlKR1HSAc4BQVVfeXFMTmdQZXYybFFaeVFvYkR1UUFJSkNyTXhGZlpkc2ZzZDNqUVFPMzNjVlNfOGJaaDJtbUl6UGJaOXJQZzB4S2REZi1qODBJaExUeVlSSnhYdlJ5YWJvTW53Q0RQY3hjUGZ6Y1dEaEl6Yk9WMUoxUEwxQVJhcDNmUGdRWENqU0JqR3JnbHRoQ0tRQWNqZXRtMlNlX3dTbmdxTGZsbmw1dkZjbmJodDdZSENfQ0dXQWQ4MC10Y1hUZFNnT2J2T2pObGxNdEFwWDhzR3c?oc=5"" target=""_blank"">Extinción de dominio en Bogotá a bienes que estarían asociados al paramilitarismo</a>&nbsp;&nbsp;<font color=""#6f6f6f"">El Espectador</font>",,Extinción de dominio
"Mon, 16 Feb 2026 15:54:29 GMT",https://news.google.com/rss/articles/CBMixwFBVV95cUxOd25DMDJrVGpsRTBkSDg3WW85YnphY1lvVl9DUVZOUmtBZk53dHZJRDhITDdqSnhSV2VKWXEyWlhGQk1Ral9MQ3d4OFhQeTBFWDE1R1c0bzJHS2tuX1FSZnVEczRUSVF0UU9aNnhMNTlfWTVad0EzakdnWHZLMy1DWWN3SktHV0hlOVhXazZTX2RpaUhTcG1LdWQ0akZhbkxUa0pTSzIwWjU2ZnRuUjRlaEJVaTU0bUxTbGI3UnFVZVVIcHNab0U40gHHAUFVX3lxTFBhcXd5RnlNdXEwZTlGSjQxTmVKWF8xbTlKUmpyblFSQWIwSVZhYlFHUHJxQTBzdVE2TExEVVF5UDNsV3E0REhBLVp6WEk4X09tc3phSmU4TS11M3ZoYUJMUlJSdm4tazZObVdPd01MbGtqUXUwOVZXMG9peGJpUlp3RzlzdjBDYnRhMGtRb2pRWkNWWENyWEc4ZHB6M1VOUHpOYktOZ3BuMmhHbFJuUHBHb1JLOW4wcWlXRHhrNFI2V2F0TlAxU3c?oc=5,Extinción de dominio para propiedades que eran de los paramilitares en exclusiva zona de Bogotá - Noticias RCN,"<a href=""https://news.google.com/rss/articles/CBMixwFBVV95cUxOd25DMDJrVGpsRTBkSDg3WW85YnphY1lvVl9DUVZOUmtBZk53dHZJRDhITDdqSnhSV2VKWXEyWlhGQk1Ral9MQ3d4OFhQeTBFWDE1R1c0bzJHS2tuX1FSZnVEczRUSVF0UU9aNnhMNTlfWTVad0EzakdnWHZLMy1DWWN3SktHV0hlOVhXazZTX2RpaUhTcG1LdWQ0akZhbkxUa0pTSzIwWjU2ZnRuUjRlaEJVaTU0bUxTbGI3UnFVZVVIcHNab0U40gHHAUFVX3lxTFBhcXd5RnlNdXEwZTlGSjQxTmVKWF8xbTlKUmpyblFSQWIwSVZhYlFHUHJxQTBzdVE2TExEVVF5UDNsV3E0REhBLVp6WEk4X09tc3phSmU4TS11M3ZoYUJMUlJSdm4tazZObVdPd01MbGtqUXUwOVZXMG9peGJpUlp3RzlzdjBDYnRhMGtRb2pRWkNWWENyWEc4ZHB6M1VOUHpOYktOZ3BuMmhHbFJuUHBHb1JLOW4wcWlXRHhrNFI2V2F0TlAxU3c?oc=5"" target=""_blank"">Extinción de dominio para propiedades que eran de los paramilitares en exclusiva zona de Bogotá</a>&nbsp;&nbsp;<font color=""#6f6f6f"">Noticias RCN</font>",,Extinción de dominio
"Sat, 14 Feb 2026 17:55:32 GMT",https://news.google.com/rss/articles/CBMipwFBVV95cUxNb0M4UkJLb0xVZzFFUGdpaVVhNVg3aTJBTllJNTRRTWpvM09ieDlYR0JmaFNQWF9HUjJnZlBDWmlmMG9JRWhUMFljdklKcjA1SDRNNjl0WFpyQWx6Z0I0RDhaeUMwTWk2cDZ1RzBleUcxT2JsRFdzS2xVT0JxQ1hybWMzTHBXNm9QR1g4c3pYRmxONTNZT2V1b0tXUW5KRWkzWG1QTXhrRdIBrAFBVV95cUxNSkVzbW5xXzNiV2xuRDVyMlcwSThiMDFUbk96VzFoelNTMHFDc2VicVVTOVMtd0UxVHRrdjh3dnh6SUVFSmh3blA4cHFLc1h1UHFSRjRZcFdvVExHX2tMMWszajNqS243ZEN0YkIwaVo5MEc5VWNxWlpoSGc2MXJ2TG5DaU0wdTdvdl84TEhSUUFXVHV6MzBwVlNidEJxb1pmODBWeUt2N3g4U3Bo?oc=5,Sorpresa con parqueadero y apartamento en Usaquén (Bogotá): le hicieron extinción de dominio - Pulzo,"<a href=""https://news.google.com/rss/articles/CBMipwFBVV95cUxNb0M4UkJLb0xVZzFFUGdpaVVhNVg3aTJBTllJNTRRTWpvM09ieDlYR0JmaFNQWF9HUjJnZlBDWmlmMG9JRWhUMFljdklKcjA1SDRNNjl0WFpyQWx6Z0I0RDhaeUMwTWk2cDZ1RzBleUcxT2JsRFdzS2xVT0JxQ1hybWMzTHBXNm9QR1g4c3pYRmxONTNZT2V1b0tXUW5KRWkzWG1QTXhrRdIBrAFBVV95cUxNSkVzbW5xXzNiV2xuRDVyMlcwSThiMDFUbk96VzFoelNTMHFDc2VicVVTOVMtd0UxVHRrdjh3dnh6SUVFSmh3blA4cHFLc1h1UHFSRjRZcFdvVExHX2tMMWszajNqS243ZEN0YkIwaVo5MEc5VWNxWlpoSGc2MXJ2TG5DaU0wdTdvdl84TEhSUUFXVHV6MzBwVlNidEJxb1pmODBWeUt2N3g4U3Bo?oc=5"" target=""_blank"">Sorpresa con parqueadero y apartamento en Usaquén (Bogotá): le hicieron extinción de dominio</a>&nbsp;&nbsp;<font color=""#6f6f6f"">Pulzo</font>",,Extinción de dominio
"Sat, 14 Feb 2026 18:26:51 GMT",https://news.google.com/rss/articles/CBMi4wFBVV95cUxOTXN0UmljaTY4NUlXVHN6NHRaRG9pSXhYQlQyMHFVZDBKZWV3RGhjT09IX3RUVHZnVFlycU5mOGdHOHF3aDI5SVJUUjlUaHZWYzBabS1MQUpoS1hWQ1VsdWhNWXNNeTlwZUpZTUVQNGlPUXVfY2RBbzNvT2RVNDE2UUp2LUgwOW41eXNnQUQwMGZ5cENNakxSRERSYTVucml2Z2MwbWFQQ1N6NGd6eGpWWldyTXR3cFVYMHNsZFJMMjhZWVVrNmgxUFJKakR2azJnRDB4VGpPME9YTmxLcy1rT05mZw?oc=5,Fiscalía y Ejército hicieron extinción de dominio a dos bienes pertenecientes al Bloque Norte de las AUC - Publimetro Colombia,"<a href=""https://news.google.com/rss/articles/CBMi4wFBVV95cUxOTXN0UmljaTY4NUlXVHN6NHRaRG9pSXhYQlQyMHFVZDBKZWV3RGhjT09IX3RUVHZnVFlycU5mOGdHOHF3aDI5SVJUUjlUaHZWYzBabS1MQUpoS1hWQ1VsdWhNWXNNeTlwZUpZTUVQNGlPUXVfY2RBbzNvT2RVNDE2UUp2LUgwOW41eXNnQUQwMGZ5cENNakxSRERSYTVucml2Z2MwbWFQQ1N6NGd6eGpWWldyTXR3cFVYMHNsZFJMMjhZWVVrNmgxUFJKakR2azJnRDB4VGpPME9YTmxLcy1rT05mZw?oc=5"" target=""_blank"">Fiscalía y Ejército hicieron extinción de dominio a dos bienes pertenecientes al Bloque Norte de las AUC</a>&nbsp;&nbsp;<font color=""#6f6f6f"">Publimetro Colombia</font>",,Extinción de dominio
